condition,control_condition,delta_accuracy,p_value
alcohol,control,-0.35,3.1633150141249994e-08
cannabis,control,-0.15000000000000002,0.040534006514982644
cocaine,control,-0.24000000000000002,0.0004943778968470853
lsd,control,-0.26,0.00013071870165952534
