condition,correct,total,accuracy,ci_low,ci_high,missing_predictions
alcohol,10,100,0.1,0.055229137060675094,0.17436566150491348,60
cannabis,30,100,0.3,0.21894885294932756,0.3958485463334666,38
cocaine,21,100,0.21,0.14165654061915303,0.2997996883408986,55
control,45,100,0.45,0.3561453797951198,0.5475539700255787,21
lsd,19,100,0.19,0.12514751509768735,0.27778845379064376,53
