condition,correct,total,accuracy,ci_low,ci_high,missing_predictions
alcohol,1,20,0.05,0.008881448800795402,0.23613119344674208,13
cannabis,8,20,0.4,0.2188065323728171,0.6134184992377469,5
cocaine,7,20,0.35,0.18119182410108212,0.5671457233147638,9
control,8,20,0.4,0.2188065323728171,0.6134184992377469,1
lsd,5,20,0.25,0.11186170140766566,0.46870087761874407,5
