condition,accuracy,avg_latency,avg_response_chars
alcohol,0.05,4.649440050125122,82.85
cannabis,0.4,4.276123440265655,204.15
cocaine,0.35,4.651599335670471,152.35
control,0.4,4.093868327140808,226.6
lsd,0.25,4.365626049041748,231.9
