condition,accuracy,avg_latency,avg_response_chars
alcohol,0.1,5.1129887628555295,117.76
cannabis,0.3,4.700361309051513,187.17
cocaine,0.21,4.737430217266083,120.19
control,0.45,3.984155442714691,219.63
lsd,0.19,5.135940234661103,151.6
